Question,Complex_CoT,Response
烏龜的壽命大約有多長?,"首先，我們來分析這個問題：「烏龜的壽命大約有多長?」。
根據現有的研究和專家觀點，我們可以從不同角度來理解。

1. **基本概念**：家中最常飼養的品種，例如巴西龜及草龜等，其壽命只有20-25...

2. **進一步推理**：如果考慮到不同環境因素，這個問題的答案可能會有所變化。例如，
   - 在不同的生態環境中，烏龜的壽命或行為可能受到影響。
   - 其他物種的比較研究也可以提供額外的見解。

3. **結論**：綜合考慮這些因素，我們可以得出一個更完整的理解。
",家中最常飼養的品種，例如巴西龜及草龜等，其壽命只有20-25年。一般來說，體型愈大的烏龜，壽命會愈長，例如蘇卡達象龜及阿達伯拉象龜能活到150歲，而在海洋生活的海龜據說還能活到500歲。
烏龜有排尿現象嗎?,"首先，我們來分析這個問題：「烏龜有排尿現象嗎?」。
根據現有的研究和專家觀點，我們可以從不同角度來理解。

1. **基本概念**：陸生龜類和哺乳類相同，都會排尿液(尿素)，水棲性龜類則是直接...

2. **進一步推理**：如果考慮到不同環境因素，這個問題的答案可能會有所變化。例如，
   - 在不同的生態環境中，烏龜的壽命或行為可能受到影響。
   - 其他物種的比較研究也可以提供額外的見解。

3. **結論**：綜合考慮這些因素，我們可以得出一個更完整的理解。
",陸生龜類和哺乳類相同，都會排尿液(尿素)，水棲性龜類則是直接以氨的方式排出。
影響烏龜壽命的因素?,"首先，我們來分析這個問題：「影響烏龜壽命的因素?」。
根據現有的研究和專家觀點，我們可以從不同角度來理解。

1. **基本概念**：1.品種差異：不同品種的烏龜有著不同的壽命，由15年至150年都有。
2.棲息環境：烏龜需要一個適合的棲息環境；不同種類的烏龜，需要不同的生活環境，將烏龜放置到不合適的生境會影響烏龜的生活...

2. **進一步推理**：如果考慮到不同環境因素，這個問題的答案可能會有所變化。例如，
   - 在不同的生態環境中，烏龜的壽命或行為可能受到影響。
   - 其他物種的比較研究也可以提供額外的見解。

3. **結論**：綜合考慮這些因素，我們可以得出一個更完整的理解。
","1.品種差異：不同品種的烏龜有著不同的壽命，由15年至150年都有。
2.棲息環境：烏龜需要一個適合的棲息環境；不同種類的烏龜，需要不同的生活環境，將烏龜放置到不合適的生境會影響烏龜的生活及成長，最後影響其壽命。不同品種的烏龜有不同的生活環境要求，一般分為陸地，淺水，海水三大類別。其次環有溫度，濕度，光度等。
3.食物的種類：烏龜需要均衡的飲食來獲得足夠的養分。生物依靠食物來維持生命，食物被吸收後會轉化成物體的一部份，烏龜也不例外。提供多樣化的食物，包括新鮮的水果、蔬菜、昆蟲、小型魚對烏龜的壽命有正面的影響。
4.食物的份量：過度餵食對烏龜的壽命帶來負面的影響。
5.活動空間：烏龜需要適當的運動來維持健康。提供足夠的空間讓烏龜活動，並讓烏龜能游泳及行走。
6.定期體檢：定期的身體檢查對能確保烏龜健康。除了於獸醫診所檢查之外，建議定期為烏龜量度體重及觀察烏龜的身體狀況，如發現烏龜身體有異樣，例如體重急劇下降或龜甲出現出現白點，便可能患上疾病，提早介入能增加烏龜的壽命。
7.冬眠：不是所有烏龜都會冬眠，但是有冬眠的烏龜壽命一般會較長。"
烏龜的殼是由什麼構成的？,"首先，我們來分析這個問題：「烏龜的殼是由什麼構成的？」。
根據現有的研究和專家觀點，我們可以從不同角度來理解。

1. **基本概念**：烏龜的殼又稱為龜甲，「龜甲」其實是烏龜的肋骨進化而成，看似很...

2. **進一步推理**：如果考慮到不同環境因素，這個問題的答案可能會有所變化。例如，
   - 在不同的生態環境中，烏龜的壽命或行為可能受到影響。
   - 其他物種的比較研究也可以提供額外的見解。

3. **結論**：綜合考慮這些因素，我們可以得出一個更完整的理解。
",烏龜的殼又稱為龜甲，「龜甲」其實是烏龜的肋骨進化而成，看似很笨重，但也十分堅固。龜甲有多種功能，除了讓烏龜防禦外適之外，也有遮蔽身體的功能；與其他爬行動物例如蜥蝪，蛇相比，烏龜不用尋找隱瞞的地方作棲息之地，可以隨心所慾不在同的地方休息，甚至睡覺，因為龜甲給烏龜提供之一個既安全，又隱瞞的安樂窩。
烏龜的殼可以再生嗎？,"首先，我們來分析這個問題：「烏龜的殼可以再生嗎？」。
根據現有的研究和專家觀點，我們可以從不同角度來理解。

1. **基本概念**：烏龜的殼不會再生。烏龜的殼是由骨頭和角質層（角質盾片）組成的...

2. **進一步推理**：如果考慮到不同環境因素，這個問題的答案可能會有所變化。例如，
   - 在不同的生態環境中，烏龜的壽命或行為可能受到影響。
   - 其他物種的比較研究也可以提供額外的見解。

3. **結論**：綜合考慮這些因素，我們可以得出一個更完整的理解。
",烏龜的殼不會再生。烏龜的殼是由骨頭和角質層（角質盾片）組成的，這些結構與烏龜的脊椎和肋骨相連，是它們骨骼的一部分。烏龜的殼在受傷後可能會進行一定程度的修復，但不會完全再生。如果殼受到嚴重損傷，可能會影響烏龜的健康和生存。因此，保護烏龜的殼免受損傷是非常重要的。
烏龜是什麼類型的動物（例如，爬行動物、兩棲動物）？,"首先，我們來分析這個問題：「烏龜是什麼類型的動物（例如，爬行動物、兩棲動物）？」。
根據現有的研究和專家觀點，我們可以從不同角度來理解。

1. **基本概念**：烏龜與鱷魚、蜥蜴及蛇同屬於爬蟲類動物之一。...

2. **進一步推理**：如果考慮到不同環境因素，這個問題的答案可能會有所變化。例如，
   - 在不同的生態環境中，烏龜的壽命或行為可能受到影響。
   - 其他物種的比較研究也可以提供額外的見解。

3. **結論**：綜合考慮這些因素，我們可以得出一個更完整的理解。
",烏龜與鱷魚、蜥蜴及蛇同屬於爬蟲類動物之一。
烏龜如何呼吸？,"首先，我們來分析這個問題：「烏龜如何呼吸？」。
根據現有的研究和專家觀點，我們可以從不同角度來理解。

1. **基本概念**：烏龜用肺呼吸。...

2. **進一步推理**：如果考慮到不同環境因素，這個問題的答案可能會有所變化。例如，
   - 在不同的生態環境中，烏龜的壽命或行為可能受到影響。
   - 其他物種的比較研究也可以提供額外的見解。

3. **結論**：綜合考慮這些因素，我們可以得出一個更完整的理解。
",烏龜用肺呼吸。
烏龜需要多長時間才能孵化？,"首先，我們來分析這個問題：「烏龜需要多長時間才能孵化？」。
根據現有的研究和專家觀點，我們可以從不同角度來理解。

1. **基本概念**：龜蛋的孵化期長度因巢穴環境條件、溫度、濕度水平、龜種等因素而...

2. **進一步推理**：如果考慮到不同環境因素，這個問題的答案可能會有所變化。例如，
   - 在不同的生態環境中，烏龜的壽命或行為可能受到影響。
   - 其他物種的比較研究也可以提供額外的見解。

3. **結論**：綜合考慮這些因素，我們可以得出一個更完整的理解。
",龜蛋的孵化期長度因巢穴環境條件、溫度、濕度水平、龜種等因素而異，與哺乳動物具有相當可預測的懷孕期不同。平均孵化期約為 60 至 120 天，但通常情況下，您應該在 90 天內看到小小的龜兒出現。
世界上最小的烏龜品種是什麼？,"首先，我們來分析這個問題：「世界上最小的烏龜品種是什麼？」。
根據現有的研究和專家觀點，我們可以從不同角度來理解。

1. **基本概念**：斑點珍龜（學名：Homopus signatus）是珍龜屬下...

2. **進一步推理**：如果考慮到不同環境因素，這個問題的答案可能會有所變化。例如，
   - 在不同的生態環境中，烏龜的壽命或行為可能受到影響。
   - 其他物種的比較研究也可以提供額外的見解。

3. **結論**：綜合考慮這些因素，我們可以得出一個更完整的理解。
",斑點珍龜（學名：Homopus signatus）是珍龜屬下小型龜，世上最小的龜之一。原生於南非和納米比亞南部。
世界上最大的烏龜品種是什麼？,"首先，我們來分析這個問題：「世界上最大的烏龜品種是什麼？」。
根據現有的研究和專家觀點，我們可以從不同角度來理解。

1. **基本概念**：加拉巴哥象龜（學名：Chelonoidis nigra）是現...

2. **進一步推理**：如果考慮到不同環境因素，這個問題的答案可能會有所變化。例如，
   - 在不同的生態環境中，烏龜的壽命或行為可能受到影響。
   - 其他物種的比較研究也可以提供額外的見解。

3. **結論**：綜合考慮這些因素，我們可以得出一個更完整的理解。
",加拉巴哥象龜（學名：Chelonoidis nigra）是現存體型最大的陸龜之一。為厄瓜多加拉巴哥群島特有。成年象龜身長1.5 公尺(4.9英尺)，平均體重達到175公斤，最高紀錄為400公斤(880磅)。
烏龜有耳朵嗎?,"首先，我們來分析這個問題：「烏龜有耳朵嗎?」。
根據現有的研究和專家觀點，我們可以從不同角度來理解。

1. **基本概念**：現有爬行類動物包含蛇、蜥蜴和烏龜，其聽覺器官都只有內耳和中耳...

2. **進一步推理**：如果考慮到不同環境因素，這個問題的答案可能會有所變化。例如，
   - 在不同的生態環境中，烏龜的壽命或行為可能受到影響。
   - 其他物種的比較研究也可以提供額外的見解。

3. **結論**：綜合考慮這些因素，我們可以得出一個更完整的理解。
",現有爬行類動物包含蛇、蜥蜴和烏龜，其聽覺器官都只有內耳和中耳，沒有外耳殼也就是沒有一般俗稱的耳朵。也因此烏龜對空氣傳播的聲音較為遲鈍，但對地面傳導的振動則相對較為敏感。
烏龜有牙齒嗎？,"首先，我們來分析這個問題：「烏龜有牙齒嗎？」。
根據現有的研究和專家觀點，我們可以從不同角度來理解。

1. **基本概念**：烏龜無牙齒但嘴巴邊緣銳利，可以咬斷食物。 大多為雜食性，也有...

2. **進一步推理**：如果考慮到不同環境因素，這個問題的答案可能會有所變化。例如，
   - 在不同的生態環境中，烏龜的壽命或行為可能受到影響。
   - 其他物種的比較研究也可以提供額外的見解。

3. **結論**：綜合考慮這些因素，我們可以得出一個更完整的理解。
",烏龜無牙齒但嘴巴邊緣銳利，可以咬斷食物。 大多為雜食性，也有素食或純肉食性的。
烏龜的繁殖季節是什麼時候？,"首先，我們來分析這個問題：「烏龜的繁殖季節是什麼時候？」。
根據現有的研究和專家觀點，我們可以從不同角度來理解。

1. **基本概念**：龜類通常在春季和夏季開始進行交配和繁殖。...

2. **進一步推理**：如果考慮到不同環境因素，這個問題的答案可能會有所變化。例如，
   - 在不同的生態環境中，烏龜的壽命或行為可能受到影響。
   - 其他物種的比較研究也可以提供額外的見解。

3. **結論**：綜合考慮這些因素，我們可以得出一個更完整的理解。
",龜類通常在春季和夏季開始進行交配和繁殖。
烏龜的餵養需要注意什麼？,"首先，我們來分析這個問題：「烏龜的餵養需要注意什麼？」。
根據現有的研究和專家觀點，我們可以從不同角度來理解。

1. **基本概念**：飼料、魚、蝦、新鮮的蔬果。...

2. **進一步推理**：如果考慮到不同環境因素，這個問題的答案可能會有所變化。例如，
   - 在不同的生態環境中，烏龜的壽命或行為可能受到影響。
   - 其他物種的比較研究也可以提供額外的見解。

3. **結論**：綜合考慮這些因素，我們可以得出一個更完整的理解。
",飼料、魚、蝦、新鮮的蔬果。
飼養寵物烏龜需要注意什麼？,"首先，我們來分析這個問題：「飼養寵物烏龜需要注意什麼？」。
根據現有的研究和專家觀點，我們可以從不同角度來理解。

1. **基本概念**：水溫要保持在25到30度之間，要經常曬太陽，但不可直接在大太...

2. **進一步推理**：如果考慮到不同環境因素，這個問題的答案可能會有所變化。例如，
   - 在不同的生態環境中，烏龜的壽命或行為可能受到影響。
   - 其他物種的比較研究也可以提供額外的見解。

3. **結論**：綜合考慮這些因素，我們可以得出一個更完整的理解。
",水溫要保持在25到30度之間，要經常曬太陽，但不可直接在大太陽下曝曬，要放在較陰涼的地方，時間也不宜太長，還要經常餵小魚、蝦、碎蛋殼，以補充鈣質，如果食慾不好，可添加維他命液。
烏龜的殼有感覺嗎?,"首先，我們來分析這個問題：「烏龜的殼有感覺嗎?」。
根據現有的研究和專家觀點，我們可以從不同角度來理解。

1. **基本概念**：龜殼是由骨骼特化而來，是烏龜的脊椎和肋骨，且龜殼下有神經，因...

2. **進一步推理**：如果考慮到不同環境因素，這個問題的答案可能會有所變化。例如，
   - 在不同的生態環境中，烏龜的壽命或行為可能受到影響。
   - 其他物種的比較研究也可以提供額外的見解。

3. **結論**：綜合考慮這些因素，我們可以得出一個更完整的理解。
",龜殼是由骨骼特化而來，是烏龜的脊椎和肋骨，且龜殼下有神經，因此當有人摸龜殼時，烏龜是能夠感覺到的，若是龜殼受傷，烏龜也會感到疼痛
烏龜的祖先是什麼樣的動物？,"首先，我們來分析這個問題：「烏龜的祖先是什麼樣的動物？」。
根據現有的研究和專家觀點，我們可以從不同角度來理解。

1. **基本概念**：烏龜的祖先可以追溯到2億4000萬年前三疊紀時代的「祖龜」，...

2. **進一步推理**：如果考慮到不同環境因素，這個問題的答案可能會有所變化。例如，
   - 在不同的生態環境中，烏龜的壽命或行為可能受到影響。
   - 其他物種的比較研究也可以提供額外的見解。

3. **結論**：綜合考慮這些因素，我們可以得出一個更完整的理解。
",烏龜的祖先可以追溯到2億4000萬年前三疊紀時代的「祖龜」，其後再經過2億多年的進化，其中包括「半甲齒龜」，「原顎龜」到「古巨龜」；最終成為現在我們看到的烏龜。
世界上最長壽的烏龜是?,"首先，我們來分析這個問題：「世界上最長壽的烏龜是?」。
根據現有的研究和專家觀點，我們可以從不同角度來理解。

1. **基本概念**：世界上最長壽的烏龜名叫阿德維塔，品種為亞達伯拉象龜，根據資料...

2. **進一步推理**：如果考慮到不同環境因素，這個問題的答案可能會有所變化。例如，
   - 在不同的生態環境中，烏龜的壽命或行為可能受到影響。
   - 其他物種的比較研究也可以提供額外的見解。

3. **結論**：綜合考慮這些因素，我們可以得出一個更完整的理解。
",世界上最長壽的烏龜名叫阿德維塔，品種為亞達伯拉象龜，根據資料顯示，牠於1750年出世，一直生活到2016年才死亡，一共活了256年。是人類壽命的三倍；雖然牠的生世有點可憐，但到後期終於被送到動物園裡生活，得到合適的照顧。
烏龜的學名?,"首先，我們來分析這個問題：「烏龜的學名?」。
根據現有的研究和專家觀點，我們可以從不同角度來理解。

1. **基本概念**：烏龜只是一個統稱，烏龜的正確學名為「龜鱉目」 (英文: Te...

2. **進一步推理**：如果考慮到不同環境因素，這個問題的答案可能會有所變化。例如，
   - 在不同的生態環境中，烏龜的壽命或行為可能受到影響。
   - 其他物種的比較研究也可以提供額外的見解。

3. **結論**：綜合考慮這些因素，我們可以得出一個更完整的理解。
",烏龜只是一個統稱，烏龜的正確學名為「龜鱉目」 (英文: Testudines)，與鱷魚，蜥蝪及蛇一種同屬於爬行類動物之一。
烏龜的起源?,"首先，我們來分析這個問題：「烏龜的起源?」。
根據現有的研究和專家觀點，我們可以從不同角度來理解。

1. **基本概念**：烏龜的歷史源遠流長，最追可以追溯到2億4000萬年前的三疊紀...

2. **進一步推理**：如果考慮到不同環境因素，這個問題的答案可能會有所變化。例如，
   - 在不同的生態環境中，烏龜的壽命或行為可能受到影響。
   - 其他物種的比較研究也可以提供額外的見解。

3. **結論**：綜合考慮這些因素，我們可以得出一個更完整的理解。
",烏龜的歷史源遠流長，最追可以追溯到2億4000萬年前的三疊紀，是現存最古老的生物之一。最古老的烏龜被命名為祖龜，出現於2億4000萬年前的三疊紀晚期，與已絕種的恐龍曾一同生活在同一個時代。由於烏龜的歷史久遠，因此常常出現於民間故事當中，亦被人用來喻意「福氣」，「長壽」的意思。
烏龜的分類?,"首先，我們來分析這個問題：「烏龜的分類?」。
根據現有的研究和專家觀點，我們可以從不同角度來理解。

1. **基本概念**：使用棲息環境分類法可分為下列四種，分別為: 1.海龜:生活於...

2. **進一步推理**：如果考慮到不同環境因素，這個問題的答案可能會有所變化。例如，
   - 在不同的生態環境中，烏龜的壽命或行為可能受到影響。
   - 其他物種的比較研究也可以提供額外的見解。

3. **結論**：綜合考慮這些因素，我們可以得出一個更完整的理解。
",使用棲息環境分類法可分為下列四種，分別為: 1.海龜:生活於海洋中；2.水龜:生活於淡水中；3.澤龜:一半時間生活於淡水中，一半時間生活於陸地中；4.陸龜:生活於陸地中。
烏龜為什麼需要曬太陽?,"首先，我們來分析這個問題：「烏龜為什麼需要曬太陽?」。
根據現有的研究和專家觀點，我們可以從不同角度來理解。

1. **基本概念**：曬太陽是烏龜維持健康皮膚和甲殼的關鍵。太陽光能發揮殺菌和驅蟲...

2. **進一步推理**：如果考慮到不同環境因素，這個問題的答案可能會有所變化。例如，
   - 在不同的生態環境中，烏龜的壽命或行為可能受到影響。
   - 其他物種的比較研究也可以提供額外的見解。

3. **結論**：綜合考慮這些因素，我們可以得出一個更完整的理解。
","曬太陽是烏龜維持健康皮膚和甲殼的關鍵。太陽光能發揮殺菌和驅蟲的功效。紫外線是陽光中一種高能量的輻射,它具有強烈的殺菌作用。曬太陽還可以幫助烏龜調節體溫，因為溫度能夠加快新陳代謝，促進身體各項生理功能的正常運轉。曬太陽還可以生成維生素D。"
烏龜可以離開背甲嗎?,"首先，我們來分析這個問題：「烏龜可以離開背甲嗎?」。
根據現有的研究和專家觀點，我們可以從不同角度來理解。

1. **基本概念**：絕對不能。烏龜的背甲是牠們身體的一部份，烏龜的背甲，其實是牠...

2. **進一步推理**：如果考慮到不同環境因素，這個問題的答案可能會有所變化。例如，
   - 在不同的生態環境中，烏龜的壽命或行為可能受到影響。
   - 其他物種的比較研究也可以提供額外的見解。

3. **結論**：綜合考慮這些因素，我們可以得出一個更完整的理解。
",絕對不能。烏龜的背甲是牠們身體的一部份，烏龜的背甲，其實是牠們的肋背，在烏龜的背甲內是牠們的內臟及主要器官，這個堅固的外殼不僅為烏龜提供了保護的作用，還具有許多特別的功能，例如在水中游泳時保持身體的平衡及協助吸收陽光以保持體溫等。
烏龜的聽力好嗎?,"首先，我們來分析這個問題：「烏龜的聽力好嗎?」。
根據現有的研究和專家觀點，我們可以從不同角度來理解。

1. **基本概念**：烏龜的聽力能力相對較弱，主要專注於低頻和低強度的聲音。烏龜沒...

2. **進一步推理**：如果考慮到不同環境因素，這個問題的答案可能會有所變化。例如，
   - 在不同的生態環境中，烏龜的壽命或行為可能受到影響。
   - 其他物種的比較研究也可以提供額外的見解。

3. **結論**：綜合考慮這些因素，我們可以得出一個更完整的理解。
",烏龜的聽力能力相對較弱，主要專注於低頻和低強度的聲音。烏龜沒有外耳，也沒有像人類那樣的聽骨，這使得牠們的聽覺系統與其他動物有所不同。相反，烏龜的聽覺主要依賴於頭部和下顎的結構。頭部的骨骼和結締組織能夠傳遞聲音振動到內耳，而下顎骨在聲音感知中扮演著重要的角色。
烏龜被翻面怎麼辦?,"首先，我們來分析這個問題：「烏龜被翻面怎麼辦?」。
根據現有的研究和專家觀點，我們可以從不同角度來理解。

1. **基本概念**：通常烏龜可以利用頭頂地面和擺動四肢來幫助自己翻回正面，而龜殼...

2. **進一步推理**：如果考慮到不同環境因素，這個問題的答案可能會有所變化。例如，
   - 在不同的生態環境中，烏龜的壽命或行為可能受到影響。
   - 其他物種的比較研究也可以提供額外的見解。

3. **結論**：綜合考慮這些因素，我們可以得出一個更完整的理解。
",通常烏龜可以利用頭頂地面和擺動四肢來幫助自己翻回正面，而龜殼形狀較圓滾、四肢較短的烏龜，則可利用滾動來讓自己翻回正面。在水中活動的烏龜不太需要擔心上下顛倒這個問題。
烏龜交配時的年齡?,"首先，我們來分析這個問題：「烏龜交配時的年齡?」。
根據現有的研究和專家觀點，我們可以從不同角度來理解。

1. **基本概念**：龜類在龜殼達到一定大小時達到性成熟，這個大小因物種而異。較小...

2. **進一步推理**：如果考慮到不同環境因素，這個問題的答案可能會有所變化。例如，
   - 在不同的生態環境中，烏龜的壽命或行為可能受到影響。
   - 其他物種的比較研究也可以提供額外的見解。

3. **結論**：綜合考慮這些因素，我們可以得出一個更完整的理解。
",龜類在龜殼達到一定大小時達到性成熟，這個大小因物種而異。較小的龜類通常比較早進行交配，有些龜類可能只需 4 年就可開始交配，而其他龜類可能需要 25 年或更長時間。圈養環境也會影響龜類的成熟速度。在充足的食物和理想的棲息地下，飼養龜類可能會以一半的時間達到性成熟。
烏龜在古代文化中的象徵意義是什麼？,"首先，我們來分析這個問題：「烏龜在古代文化中的象徵意義是什麼？」。
根據現有的研究和專家觀點，我們可以從不同角度來理解。

1. **基本概念**：龜是古代祭神的牲禮之一，後因為活龜取得不易，逐漸轉為以其形替...

2. **進一步推理**：如果考慮到不同環境因素，這個問題的答案可能會有所變化。例如，
   - 在不同的生態環境中，烏龜的壽命或行為可能受到影響。
   - 其他物種的比較研究也可以提供額外的見解。

3. **結論**：綜合考慮這些因素，我們可以得出一個更完整的理解。
",龜是古代祭神的牲禮之一，後因為活龜取得不易，逐漸轉為以其形替代。 民間使用各種原料製成烏龜形狀作為祭品，像是麵龜、紅龜粿、米龜等，內餡常見有紅豆、綠豆、花生。 傳統文化中龜被視為吉祥動物，代表長壽，顏色為紅色，是象徵吉祥之意。
烏龜在現代文化中的象徵意義是什麼？,"首先，我們來分析這個問題：「烏龜在現代文化中的象徵意義是什麼？」。
根據現有的研究和專家觀點，我們可以從不同角度來理解。

1. **基本概念**：「烏龜」一詞在現代雖有貶意，但因龜長壽，故也具有「吉祥」與「...

2. **進一步推理**：如果考慮到不同環境因素，這個問題的答案可能會有所變化。例如，
   - 在不同的生態環境中，烏龜的壽命或行為可能受到影響。
   - 其他物種的比較研究也可以提供額外的見解。

3. **結論**：綜合考慮這些因素，我們可以得出一個更完整的理解。
",「烏龜」一詞在現代雖有貶意，但因龜長壽，故也具有「吉祥」與「吉瑞」的象徵。 無論聖俗褒貶，龜始終活躍在華人的想像世界裡。
烏龜會游泳嗎？,"首先，我們來分析這個問題：「烏龜會游泳嗎？」。
根據現有的研究和專家觀點，我們可以從不同角度來理解。

1. **基本概念**：大多數烏龜都可以游泳，尤其是水棲性烏龜。牠們有特化的腳蹼和流...

2. **進一步推理**：如果考慮到不同環境因素，這個問題的答案可能會有所變化。例如，
   - 在不同的生態環境中，烏龜的壽命或行為可能受到影響。
   - 其他物種的比較研究也可以提供額外的見解。

3. **結論**：綜合考慮這些因素，我們可以得出一個更完整的理解。
",大多數烏龜都可以游泳，尤其是水棲性烏龜。牠們有特化的腳蹼和流線型的身體，這使得牠們能夠輕鬆地在水中移動。即使是陸龜，也具有一定的游泳能力，只是游泳技巧和持久性不如水棲性烏龜。
烏龜是冷血動物還是恆溫動物?,"首先，我們來分析這個問題：「烏龜是冷血動物還是恆溫動物?」。
根據現有的研究和專家觀點，我們可以從不同角度來理解。

1. **基本概念**：烏龜是冷血動物，這意味著牠們的體溫會隨著外界環境溫度的變化而...

2. **進一步推理**：如果考慮到不同環境因素，這個問題的答案可能會有所變化。例如，
   - 在不同的生態環境中，烏龜的壽命或行為可能受到影響。
   - 其他物種的比較研究也可以提供額外的見解。

3. **結論**：綜合考慮這些因素，我們可以得出一個更完整的理解。
",烏龜是冷血動物，這意味著牠們的體溫會隨著外界環境溫度的變化而變化。因此，烏龜需要依賴環境中的熱源來調節自己的體溫，如陽光或暖燈。
烏龜可以聽到聲音嗎?,"首先，我們來分析這個問題：「烏龜可以聽到聲音嗎?」。
根據現有的研究和專家觀點，我們可以從不同角度來理解。

1. **基本概念**：雖然烏龜沒有外耳，但牠們仍然可以通過內耳和中耳結構來感知聲音...

2. **進一步推理**：如果考慮到不同環境因素，這個問題的答案可能會有所變化。例如，
   - 在不同的生態環境中，烏龜的壽命或行為可能受到影響。
   - 其他物種的比較研究也可以提供額外的見解。

3. **結論**：綜合考慮這些因素，我們可以得出一個更完整的理解。
",雖然烏龜沒有外耳，但牠們仍然可以通過內耳和中耳結構來感知聲音，特別是低頻振動。烏龜對於地面振動和水中的聲波特別敏感，這種能力有助於牠們感知周圍環境中的威脅或其他動物的存在。
烏龜是獨居動物還是群居動物？,"首先，我們來分析這個問題：「烏龜是獨居動物還是群居動物？」。
根據現有的研究和專家觀點，我們可以從不同角度來理解。

1. **基本概念**：大多數烏龜是獨居動物，牠們更喜歡單獨生活，特別是在野外。然而...

2. **進一步推理**：如果考慮到不同環境因素，這個問題的答案可能會有所變化。例如，
   - 在不同的生態環境中，烏龜的壽命或行為可能受到影響。
   - 其他物種的比較研究也可以提供額外的見解。

3. **結論**：綜合考慮這些因素，我們可以得出一個更完整的理解。
",大多數烏龜是獨居動物，牠們更喜歡單獨生活，特別是在野外。然而，有些種類的烏龜在特定的情況下，如繁殖季節或冬眠期間，會與其他烏龜群居在一起。在人工飼養的情況下，多隻烏龜也可以共同生活，但需要足夠的空間和適當的環境，以避免爭奪領地或食物的情況。
如何判斷烏龜的性別?,"首先，我們來分析這個問題：「如何判斷烏龜的性別?」。
根據現有的研究和專家觀點，我們可以從不同角度來理解。

1. **基本概念**：判斷烏龜性別的方法因種類而異，但通常有幾個共同的指標： 1. 烏龜的腹甲形狀：雄性烏龜的腹...

2. **進一步推理**：如果考慮到不同環境因素，這個問題的答案可能會有所變化。例如，
   - 在不同的生態環境中，烏龜的壽命或行為可能受到影響。
   - 其他物種的比較研究也可以提供額外的見解。

3. **結論**：綜合考慮這些因素，我們可以得出一個更完整的理解。
",判斷烏龜性別的方法因種類而異，但通常有幾個共同的指標： 1. 烏龜的腹甲形狀：雄性烏龜的腹甲通常會稍微凹陷，以便在交配時更容易騎在雌性身上，而雌性的腹甲則相對平坦。 2. 尾巴的長度和形狀：雄性烏龜的尾巴通常較長且粗壯，而雌性的尾巴則較短且細。 3. 肛門的位置：雄性烏龜的肛門通常位於尾巴較遠的地方，而雌性的肛門則靠近腹甲邊緣。 4. 體型：在某些品種中，雌性烏龜往往比雄性烏龜體型更大。這些指標不一定適用於所有烏龜，但可以作為一個基本的判斷標準。
烏龜會喝水嗎?,"首先，我們來分析這個問題：「烏龜會喝水嗎?」。
根據現有的研究和專家觀點，我們可以從不同角度來理解。

1. **基本概念**：烏龜會喝水，這對於牠們的健康非常重要。水棲性烏龜會在水中直接...

2. **進一步推理**：如果考慮到不同環境因素，這個問題的答案可能會有所變化。例如，
   - 在不同的生態環境中，烏龜的壽命或行為可能受到影響。
   - 其他物種的比較研究也可以提供額外的見解。

3. **結論**：綜合考慮這些因素，我們可以得出一個更完整的理解。
",烏龜會喝水，這對於牠們的健康非常重要。水棲性烏龜會在水中直接飲水，而陸龜則通常在吃食物時或在濕潤的環境中吸收水分。確保烏龜有足夠的清潔飲水來源，有助於預防脫水和促進健康。
烏龜的視力如何？,"首先，我們來分析這個問題：「烏龜的視力如何？」。
根據現有的研究和專家觀點，我們可以從不同角度來理解。

1. **基本概念**：龜不僅能看到顏色，而且研究還表明，它們能看到的顏色範圍可能比...

2. **進一步推理**：如果考慮到不同環境因素，這個問題的答案可能會有所變化。例如，
   - 在不同的生態環境中，烏龜的壽命或行為可能受到影響。
   - 其他物種的比較研究也可以提供額外的見解。

3. **結論**：綜合考慮這些因素，我們可以得出一個更完整的理解。
",龜不僅能看到顏色，而且研究還表明，它們能看到的顏色範圍可能比人類更廣。雖然龜和人類一樣可以在黑暗中看到東西，但它們沒有很好的夜視能力。龜的眼睛能夠很好地適應在水中和空氣中看東西。龜在水下是遠視的，但離開水後就近視了。
烏龜的舌頭有什麼特點？,"首先，我們來分析這個問題：「烏龜的舌頭有什麼特點？」。
根據現有的研究和專家觀點，我們可以從不同角度來理解。

1. **基本概念**：烏龜有舌頭，而且舌頭中有一個小孔，小烏龜舌頭有粘液有可能是微...

2. **進一步推理**：如果考慮到不同環境因素，這個問題的答案可能會有所變化。例如，
   - 在不同的生態環境中，烏龜的壽命或行為可能受到影響。
   - 其他物種的比較研究也可以提供額外的見解。

3. **結論**：綜合考慮這些因素，我們可以得出一個更完整的理解。
",烏龜有舌頭，而且舌頭中有一個小孔，小烏龜舌頭有粘液有可能是微量元素及維生素缺乏。
烏龜冬眠嗎？,"首先，我們來分析這個問題：「烏龜冬眠嗎？」。
根據現有的研究和專家觀點，我們可以從不同角度來理解。

1. **基本概念**：部分烏龜會在冬季進行冬眠，這是一種減少活動和新陳代謝的狀態，...

2. **進一步推理**：如果考慮到不同環境因素，這個問題的答案可能會有所變化。例如，
   - 在不同的生態環境中，烏龜的壽命或行為可能受到影響。
   - 其他物種的比較研究也可以提供額外的見解。

3. **結論**：綜合考慮這些因素，我們可以得出一個更完整的理解。
",部分烏龜會在冬季進行冬眠，這是一種減少活動和新陳代謝的狀態，以應對寒冷的氣候。在冬眠期間，烏龜會尋找一個安全的地方，如泥土、沙子或落葉堆中，並進入長時間的休眠狀態，以保存能量。對於飼養的烏龜，確保其生活環境溫暖、濕度適中並且安全是非常重要的，以避免冬眠期間的意外。
烏龜的食物是如何消化的？,"首先，我們來分析這個問題：「烏龜的食物是如何消化的？」。
根據現有的研究和專家觀點，我們可以從不同角度來理解。

1. **基本概念**：烏龜的食物經過堅硬的喙切割後，食道送至胃部進行初步消化，再經...

2. **進一步推理**：如果考慮到不同環境因素，這個問題的答案可能會有所變化。例如，
   - 在不同的生態環境中，烏龜的壽命或行為可能受到影響。
   - 其他物種的比較研究也可以提供額外的見解。

3. **結論**：綜合考慮這些因素，我們可以得出一個更完整的理解。
",烏龜的食物經過堅硬的喙切割後，食道送至胃部進行初步消化，再經過小腸吸收營養，未消化部分通過大腸排出。
烏龜能夠適應不同的氣候嗎？,"首先，我們來分析這個問題：「烏龜能夠適應不同的氣候嗎？」。
根據現有的研究和專家觀點，我們可以從不同角度來理解。

1. **基本概念**：是的，烏龜能夠適應多種氣候環境，從溫暖的熱帶到寒冷的水域。...

2. **進一步推理**：如果考慮到不同環境因素，這個問題的答案可能會有所變化。例如，
   - 在不同的生態環境中，烏龜的壽命或行為可能受到影響。
   - 其他物種的比較研究也可以提供額外的見解。

3. **結論**：綜合考慮這些因素，我們可以得出一個更完整的理解。
",是的，烏龜能夠適應多種氣候環境，從溫暖的熱帶到寒冷的水域。
烏龜的生長速度有多快？,"首先，我們來分析這個問題：「烏龜的生長速度有多快？」。
根據現有的研究和專家觀點，我們可以從不同角度來理解。

1. **基本概念**：烏龜的生長速度取決於物種、環境和飲食。陸龜和海龜可能需要數年...

2. **進一步推理**：如果考慮到不同環境因素，這個問題的答案可能會有所變化。例如，
   - 在不同的生態環境中，烏龜的壽命或行為可能受到影響。
   - 其他物種的比較研究也可以提供額外的見解。

3. **結論**：綜合考慮這些因素，我們可以得出一個更完整的理解。
",烏龜的生長速度取決於物種、環境和飲食。陸龜和海龜可能需要數年甚至數十年才能完全成熟。
烏龜有家庭結構嗎？,"首先，我們來分析這個問題：「烏龜有家庭結構嗎？」。
根據現有的研究和專家觀點，我們可以從不同角度來理解。

1. **基本概念**：大多數烏龜不是群居動物，沒有明確的家庭結構，通常獨立生活。...

2. **進一步推理**：如果考慮到不同環境因素，這個問題的答案可能會有所變化。例如，
   - 在不同的生態環境中，烏龜的壽命或行為可能受到影響。
   - 其他物種的比較研究也可以提供額外的見解。

3. **結論**：綜合考慮這些因素，我們可以得出一個更完整的理解。
",大多數烏龜不是群居動物，沒有明確的家庭結構，通常獨立生活。
烏龜的社交行為是什麼樣的？,"首先，我們來分析這個問題：「烏龜的社交行為是什麼樣的？」。
根據現有的研究和專家觀點，我們可以從不同角度來理解。

1. **基本概念**：烏龜的社交行為有限，牠們通常以獨立方式行動，主要在繁殖季節才...

2. **進一步推理**：如果考慮到不同環境因素，這個問題的答案可能會有所變化。例如，
   - 在不同的生態環境中，烏龜的壽命或行為可能受到影響。
   - 其他物種的比較研究也可以提供額外的見解。

3. **結論**：綜合考慮這些因素，我們可以得出一個更完整的理解。
",烏龜的社交行為有限，牠們通常以獨立方式行動，主要在繁殖季節才互動。
烏龜在自然界中的天敵有哪些？,"首先，我們來分析這個問題：「烏龜在自然界中的天敵有哪些？」。
根據現有的研究和專家觀點，我們可以從不同角度來理解。

1. **基本概念**：烏龜的天敵包括鱷魚、鯊魚、大型鳥類和某些哺乳動物，幼龜更易成...

2. **進一步推理**：如果考慮到不同環境因素，這個問題的答案可能會有所變化。例如，
   - 在不同的生態環境中，烏龜的壽命或行為可能受到影響。
   - 其他物種的比較研究也可以提供額外的見解。

3. **結論**：綜合考慮這些因素，我們可以得出一個更完整的理解。
",烏龜的天敵包括鱷魚、鯊魚、大型鳥類和某些哺乳動物，幼龜更易成為捕食對象。
人類活動如何影響烏龜的生存？,"首先，我們來分析這個問題：「人類活動如何影響烏龜的生存？」。
根據現有的研究和專家觀點，我們可以從不同角度來理解。

1. **基本概念**：人類活動，如棲息地破壞、污染和非法捕獵，嚴重威脅烏龜的生存。...

2. **進一步推理**：如果考慮到不同環境因素，這個問題的答案可能會有所變化。例如，
   - 在不同的生態環境中，烏龜的壽命或行為可能受到影響。
   - 其他物種的比較研究也可以提供額外的見解。

3. **結論**：綜合考慮這些因素，我們可以得出一個更完整的理解。
",人類活動，如棲息地破壞、污染和非法捕獵，嚴重威脅烏龜的生存。
烏龜的棲息地受到哪些威脅？,"首先，我們來分析這個問題：「烏龜的棲息地受到哪些威脅？」。
根據現有的研究和專家觀點，我們可以從不同角度來理解。

1. **基本概念**：烏龜的棲息地受到污染、沿海開發和非法捕獵等威脅。...

2. **進一步推理**：如果考慮到不同環境因素，這個問題的答案可能會有所變化。例如，
   - 在不同的生態環境中，烏龜的壽命或行為可能受到影響。
   - 其他物種的比較研究也可以提供額外的見解。

3. **結論**：綜合考慮這些因素，我們可以得出一個更完整的理解。
",烏龜的棲息地受到污染、沿海開發和非法捕獵等威脅。
烏龜的保護狀況如何？,"首先，我們來分析這個問題：「烏龜的保護狀況如何？」。
根據現有的研究和專家觀點，我們可以從不同角度來理解。

1. **基本概念**：由於保護措施，某些烏龜品種已被列為保護動物，如綠蠵龜。...

2. **進一步推理**：如果考慮到不同環境因素，這個問題的答案可能會有所變化。例如，
   - 在不同的生態環境中，烏龜的壽命或行為可能受到影響。
   - 其他物種的比較研究也可以提供額外的見解。

3. **結論**：綜合考慮這些因素，我們可以得出一個更完整的理解。
",由於保護措施，某些烏龜品種已被列為保護動物，如綠蠵龜。
有哪些國家或地區正在積極保護烏龜？,"首先，我們來分析這個問題：「有哪些國家或地區正在積極保護烏龜？」。
根據現有的研究和專家觀點，我們可以從不同角度來理解。

1. **基本概念**：國際上多個國家，如美國和澳大利亞，都積極保護海龜，實施法律限...

2. **進一步推理**：如果考慮到不同環境因素，這個問題的答案可能會有所變化。例如，
   - 在不同的生態環境中，烏龜的壽命或行為可能受到影響。
   - 其他物種的比較研究也可以提供額外的見解。

3. **結論**：綜合考慮這些因素，我們可以得出一個更完整的理解。
",國際上多個國家，如美國和澳大利亞，都積極保護海龜，實施法律限制捕撈和棲息地保護。
烏龜能夠感受到痛覺嗎？,"首先，我們來分析這個問題：「烏龜能夠感受到痛覺嗎？」。
根據現有的研究和專家觀點，我們可以從不同角度來理解。

1. **基本概念**：是的，烏龜能夠感受到痛覺，特別是在軟組織的部位，像是頭部和四...

2. **進一步推理**：如果考慮到不同環境因素，這個問題的答案可能會有所變化。例如，
   - 在不同的生態環境中，烏龜的壽命或行為可能受到影響。
   - 其他物種的比較研究也可以提供額外的見解。

3. **結論**：綜合考慮這些因素，我們可以得出一個更完整的理解。
",是的，烏龜能夠感受到痛覺，特別是在軟組織的部位，像是頭部和四肢。不過，儘管牠們的殼有神經線，這些神經線並不包含痛覺感受器。因此，科學家們認為當烏龜的殼受到觸碰時，它們不會感到疼痛
烏龜的殼有什麼功能？,"首先，我們來分析這個問題：「烏龜的殼有什麼功能？」。
根據現有的研究和專家觀點，我們可以從不同角度來理解。

1. **基本概念**：烏龜有幾種主要的自我保護方式：

藏入殼內，利用堅硬的外殼來...

2. **進一步推理**：如果考慮到不同環境因素，這個問題的答案可能會有所變化。例如，
   - 在不同的生態環境中，烏龜的壽命或行為可能受到影響。
   - 其他物種的比較研究也可以提供額外的見解。

3. **結論**：綜合考慮這些因素，我們可以得出一個更完整的理解。
","烏龜有幾種主要的自我保護方式：

藏入殼內，利用堅硬的外殼來防禦；
牠們也可以用尖銳的爪子或有力的咬合來攻擊掠食者；
烏龜還會選擇隱藏在植被茂密的環境中，以避免被掠食者發現；
某些烏龜品種會透過增大體型來減少天敵的威脅，像加拉帕戈斯象龜，體型巨大，成年後幾乎無天敵"
烏龜在水中和陸地上的運動方式有什麼不同？,"首先，我們來分析這個問題：「烏龜在水中和陸地上的運動方式有什麼不同？」。
根據現有的研究和專家觀點，我們可以從不同角度來理解。

1. **基本概念**：烏龜在水中的游泳方式主要依靠牠們的四肢像槳一樣劃動，而在陸地...

2. **進一步推理**：如果考慮到不同環境因素，這個問題的答案可能會有所變化。例如，
   - 在不同的生態環境中，烏龜的壽命或行為可能受到影響。
   - 其他物種的比較研究也可以提供額外的見解。

3. **結論**：綜合考慮這些因素，我們可以得出一個更完整的理解。
",烏龜在水中的游泳方式主要依靠牠們的四肢像槳一樣劃動，而在陸地上，烏龜則是使用四肢來爬行。水中移動的效率較高，因為牠們能輕鬆地滑動，而在陸地上，牠們的動作則顯得比較笨重?
烏龜主要吃什麼？,"首先，我們來分析這個問題：「烏龜主要吃什麼？」。
根據現有的研究和專家觀點，我們可以從不同角度來理解。

1. **基本概念**：烏龜的食物取決於其品種。水生烏龜多為雜食性，食物包括水草、小...

2. **進一步推理**：如果考慮到不同環境因素，這個問題的答案可能會有所變化。例如，
   - 在不同的生態環境中，烏龜的壽命或行為可能受到影響。
   - 其他物種的比較研究也可以提供額外的見解。

3. **結論**：綜合考慮這些因素，我們可以得出一個更完整的理解。
",烏龜的食物取決於其品種。水生烏龜多為雜食性，食物包括水草、小型魚類和水生昆蟲；陸龜則多偏向草食，食用植物、果實和其他植物材料
烏龜能夠嗅覺嗎？,"首先，我們來分析這個問題：「烏龜能夠嗅覺嗎？」。
根據現有的研究和專家觀點，我們可以從不同角度來理解。

1. **基本概念**：是的，烏龜具有嗅覺，並能夠通過嗅覺來感知環境。...

2. **進一步推理**：如果考慮到不同環境因素，這個問題的答案可能會有所變化。例如，
   - 在不同的生態環境中，烏龜的壽命或行為可能受到影響。
   - 其他物種的比較研究也可以提供額外的見解。

3. **結論**：綜合考慮這些因素，我們可以得出一個更完整的理解。
",是的，烏龜具有嗅覺，並能夠通過嗅覺來感知環境。
